{
  "assetsByChunkName": {
    "vendors~app-account~app-confirmation~app-order": "chunk.4bb3d2362f084343fb38.js",
    "vendors~app-account~app-checkout": "chunk.4bab3030f4b3a9d1beae.js",
    "vendors~app-cart~app-checkout": "chunk.7fcd197e1b99f0154b45.js",
    "admin": [
      "admin.29af531df4baa6d0c27c.js",
      "admin.29af531df4baa6d0c27c.js.map"
    ],
    "app-account": "chunk.10d000079ac7df8de4a1.js",
    "app-cart": "chunk.dca91d2d77fd8e348f02.js",
    "app-checkout": "chunk.319c679c4b76fe8f6305.js",
    "app-confirmation": "chunk.e3ca332fce2c0019911c.js",
    "app-order": "chunk.83cc93fb7f0ef360a2f4.js",
    "checkout": [
      "checkout.c3826ddf34eee2049cda.js",
      "checkout.c3826ddf34eee2049cda.js.map"
    ],
    "storefront": [
      "storefront.98c3d69755041c2aeef8.css",
      "storefront.a38707586a60bb5fe674.js",
      "storefront.98c3d69755041c2aeef8.css.map",
      "storefront.a38707586a60bb5fe674.js.map"
    ],
    "vendors~app-account": "chunk.06b11ca681a4d239b81e.js",
    "vendors~app-cart": "chunk.eb43be6c8fc4366c4d67.js",
    "vendors~app-checkout": "chunk.08d0e748b78962a23f06.js"
  }
}