{
  "meta_title": "",
  "meta_description": "Ofertas",
  "sections": [
    {
      "type": "banner-slider",
      "autoplay": 4000,
      "full_width": true,
      "slides": [
        {
          "start": "2025-04-18T19:44:55.653Z",
          "end": "2025-04-26T02:59:00.000Z",
          "img": "/img/uploads/festcakes_bnr_sem4_fini_01.jpg",
          "link": "https://www.festcakes.com.br/k/recheio-fini?utm_source=site&utm_medium=banner&utm_campaign=recheio_fini"
        },
        {
          "start": "2025-04-18T19:45:34.891Z",
          "end": "2025-04-26T02:59:00.000Z",
          "img": "/img/uploads/festcakes_bnr_sem4_fini_02.jpg",
          "link": "https://www.festcakes.com.br/k/recheio-fini?utm_source=site&utm_medium=banner&utm_campaign=recheio_fini"
        }
      ]
    },
    {
      "type": "info-bar",
      "enabled": true
    },
    {
      "type": "collection-shelf",
      "shuffle": true,
      "collection_id": null,
      "sort": "offers",
      "title": "Aqui tem promoção todo dia",
      "headless": false,
      "limit": 12,
      "page": 1
    },
    {
      "type": "collection-shelf",
      "shuffle": true,
      "limit": 12,
      "page": 1,
      "sort": "sales",
      "title": "Mais Vendidos",
      "autoplay": ""
    },
    {
      "type": "collection-shelf",
      "shuffle": true,
      "limit": 12,
      "page": 1,
      "title": "Lançamentos",
      "sort": "news"
    },
    {
      "type": "collection-shelf",
      "shuffle": true,
      "limit": 12,
      "page": 1,
      "sort": "views",
      "title": "Destaques",
      "link": "Destaques"
    }
  ]
}